[
  [
    {
      "name": "A",
      "x": 0,
      "y": 10
    },
    {
      "name": "B",
      "x": 0,
      "y": 40
    },
    {
      "name": "C",
      "x": 0,
      "y": 110
    },
    {
      "name": "D",
      "x": 0,
      "y": 140
    }
  ],
  [
    {
      "name": "A",
      "x": 20,
      "y": 40
    },
    {
      "name": "B",
      "x": 50,
      "y": 5
    },
    {
      "name": "C",
      "x": 40,
      "y": 60
    },
    {
      "name": "D",
      "x": 30,
      "y": 110
    }
  ],
  [
    {
      "name": "A",
      "x": 70,
      "y": 70
    },
    {
      "name": "B",
      "x": 65,
      "y": 60
    },
    {
      "name": "C",
      "x": 120,
      "y": 80
    }
  ],
  [
    {
      "name": "A",
      "x": 80,
      "y": 100
    },
    {
      "name": "B",
      "x": 85,
      "y": 30
    },
    {
      "name": "C",
      "x": 125,
      "y": 20
    },
    {
      "name": "E",
      "x": 70,
      "y": 90
    }
  ],
  [
    {
      "name": "A",
      "x": 130,
      "y": 90
    },
    {
      "name": "B",
      "x": 100,
      "y": 50
    },
    {
      "name": "C",
      "x": 145,
      "y": 80
    },
    {
      "name": "E",
      "x": 90,
      "y": 20
    }
  ]
]
