[
    {
        "timestamp": "2022-02-10T02:37:18.560Z",
        "verySaltyFish": 5,
        "durian": 5,
        "centuryEgg": 1,
        "friedOreos": 3,
        "螺蛳粉": 3
    },
    {
        "timestamp": "2022-02-10T02:37:21.224Z",
        "verySaltyFish": 2,
        "durian": 4,
        "centuryEgg": 2,
        "friedOreos": 4,
        "螺蛳粉": 2
    },
    {
        "timestamp": "2022-02-10T02:37:22.235Z",
        "verySaltyFish": 5,
        "durian": 2,
        "centuryEgg": 1,
        "friedOreos": 3,
        "螺蛳粉": 3
    },
    {
        "timestamp": "2022-02-10T02:37:23.531Z",
        "verySaltyFish": 2,
        "durian": 3,
        "centuryEgg": 1,
        "friedOreos": 5,
        "螺蛳粉": 1
    },
    {
        "timestamp": "2022-02-10T02:37:31.955Z",
        "verySaltyFish": 4,
        "durian": 2,
        "centuryEgg": 1,
        "friedOreos": 4,
        "螺蛳粉": 2
    },
    {
        "timestamp": "2022-02-10T02:37:36.563Z",
        "verySaltyFish": 1,
        "durian": 5,
        "centuryEgg": 3,
        "friedOreos": 5,
        "螺蛳粉": 1
    },
    {
        "timestamp": "2022-02-10T02:37:39.947Z",
        "verySaltyFish": 4,
        "durian": 3,
        "centuryEgg": 5,
        "friedOreos": 4,
        "螺蛳粉": 3
    }
]