[
    [
        {
            "country": "United States",
            "year": "1950",
            "birthsPerThousand": "23.576"
        },
        {
            "country": "United States",
            "year": "1951",
            "birthsPerThousand": "23.763"
        },
        {
            "country": "United States",
            "year": "1952",
            "birthsPerThousand": "24.08"
        },
        {
            "country": "United States",
            "year": "1953",
            "birthsPerThousand": "24.285"
        },
        {
            "country": "United States",
            "year": "1954",
            "birthsPerThousand": "24.377"
        },
        {
            "country": "United States",
            "year": "1955",
            "birthsPerThousand": "24.357"
        },
        {
            "country": "United States",
            "year": "1956",
            "birthsPerThousand": "24.224"
        },
        {
            "country": "United States",
            "year": "1957",
            "birthsPerThousand": "23.983"
        },
        {
            "country": "United States",
            "year": "1958",
            "birthsPerThousand": "23.636"
        },
        {
            "country": "United States",
            "year": "1959",
            "birthsPerThousand": "23.191"
        },
        {
            "country": "United States",
            "year": "1960",
            "birthsPerThousand": "22.658"
        },
        {
            "country": "United States",
            "year": "1961",
            "birthsPerThousand": "22.048"
        },
        {
            "country": "United States",
            "year": "1962",
            "birthsPerThousand": "21.381"
        },
        {
            "country": "United States",
            "year": "1963",
            "birthsPerThousand": "20.679"
        },
        {
            "country": "United States",
            "year": "1964",
            "birthsPerThousand": "19.966"
        },
        {
            "country": "United States",
            "year": "1965",
            "birthsPerThousand": "19.266"
        },
        {
            "country": "United States",
            "year": "1966",
            "birthsPerThousand": "18.599"
        },
        {
            "country": "United States",
            "year": "1967",
            "birthsPerThousand": "17.973"
        },
        {
            "country": "United States",
            "year": "1968",
            "birthsPerThousand": "17.399"
        },
        {
            "country": "United States",
            "year": "1969",
            "birthsPerThousand": "16.885"
        },
        {
            "country": "United States",
            "year": "1970",
            "birthsPerThousand": "16.437"
        },
        {
            "country": "United States",
            "year": "1971",
            "birthsPerThousand": "16.052"
        },
        {
            "country": "United States",
            "year": "1972",
            "birthsPerThousand": "15.718"
        },
        {
            "country": "United States",
            "year": "1973",
            "birthsPerThousand": "15.429"
        },
        {
            "country": "United States",
            "year": "1974",
            "birthsPerThousand": "15.186"
        },
        {
            "country": "United States",
            "year": "1975",
            "birthsPerThousand": "14.994"
        },
        {
            "country": "United States",
            "year": "1976",
            "birthsPerThousand": "14.866"
        },
        {
            "country": "United States",
            "year": "1977",
            "birthsPerThousand": "14.803"
        },
        {
            "country": "United States",
            "year": "1978",
            "birthsPerThousand": "14.803"
        },
        {
            "country": "United States",
            "year": "1979",
            "birthsPerThousand": "14.858"
        },
        {
            "country": "United States",
            "year": "1980",
            "birthsPerThousand": "14.955"
        },
        {
            "country": "United States",
            "year": "1981",
            "birthsPerThousand": "15.081"
        },
        {
            "country": "United States",
            "year": "1982",
            "birthsPerThousand": "15.218"
        },
        {
            "country": "United States",
            "year": "1983",
            "birthsPerThousand": "15.35"
        },
        {
            "country": "United States",
            "year": "1984",
            "birthsPerThousand": "15.466"
        },
        {
            "country": "United States",
            "year": "1985",
            "birthsPerThousand": "15.557"
        },
        {
            "country": "United States",
            "year": "1986",
            "birthsPerThousand": "15.623"
        },
        {
            "country": "United States",
            "year": "1987",
            "birthsPerThousand": "15.669"
        },
        {
            "country": "United States",
            "year": "1988",
            "birthsPerThousand": "15.696"
        },
        {
            "country": "United States",
            "year": "1989",
            "birthsPerThousand": "15.7"
        },
        {
            "country": "United States",
            "year": "1990",
            "birthsPerThousand": "15.67"
        },
        {
            "country": "United States",
            "year": "1991",
            "birthsPerThousand": "15.595"
        },
        {
            "country": "United States",
            "year": "1992",
            "birthsPerThousand": "15.471"
        },
        {
            "country": "United States",
            "year": "1993",
            "birthsPerThousand": "15.302"
        },
        {
            "country": "United States",
            "year": "1994",
            "birthsPerThousand": "15.099"
        },
        {
            "country": "United States",
            "year": "1995",
            "birthsPerThousand": "14.877"
        },
        {
            "country": "United States",
            "year": "1996",
            "birthsPerThousand": "14.657"
        },
        {
            "country": "United States",
            "year": "1997",
            "birthsPerThousand": "14.459"
        },
        {
            "country": "United States",
            "year": "1998",
            "birthsPerThousand": "14.296"
        },
        {
            "country": "United States",
            "year": "1999",
            "birthsPerThousand": "14.173"
        },
        {
            "country": "United States",
            "year": "2000",
            "birthsPerThousand": "14.094"
        },
        {
            "country": "United States",
            "year": "2001",
            "birthsPerThousand": "14.054"
        },
        {
            "country": "United States",
            "year": "2002",
            "birthsPerThousand": "14.038"
        },
        {
            "country": "United States",
            "year": "2003",
            "birthsPerThousand": "14.027"
        },
        {
            "country": "United States",
            "year": "2004",
            "birthsPerThousand": "14.009"
        },
        {
            "country": "United States",
            "year": "2005",
            "birthsPerThousand": "13.967"
        },
        {
            "country": "United States",
            "year": "2006",
            "birthsPerThousand": "13.881"
        },
        {
            "country": "United States",
            "year": "2007",
            "birthsPerThousand": "13.747"
        },
        {
            "country": "United States",
            "year": "2008",
            "birthsPerThousand": "13.568"
        },
        {
            "country": "United States",
            "year": "2009",
            "birthsPerThousand": "13.354"
        },
        {
            "country": "United States",
            "year": "2010",
            "birthsPerThousand": "13.124"
        },
        {
            "country": "United States",
            "year": "2011",
            "birthsPerThousand": "12.905"
        },
        {
            "country": "United States",
            "year": "2012",
            "birthsPerThousand": "12.721"
        },
        {
            "country": "United States",
            "year": "2013",
            "birthsPerThousand": "12.59"
        },
        {
            "country": "United States",
            "year": "2014",
            "birthsPerThousand": "12.517"
        },
        {
            "country": "United States",
            "year": "2015",
            "birthsPerThousand": "12.501"
        }
    ],
    [
        {
            "country": "China",
            "year": "1950",
            "birthsPerThousand": "47.012"
        },
        {
            "country": "China",
            "year": "1951",
            "birthsPerThousand": "45.497"
        },
        {
            "country": "China",
            "year": "1952",
            "birthsPerThousand": "42.718"
        },
        {
            "country": "China",
            "year": "1953",
            "birthsPerThousand": "40.444"
        },
        {
            "country": "China",
            "year": "1954",
            "birthsPerThousand": "38.673"
        },
        {
            "country": "China",
            "year": "1955",
            "birthsPerThousand": "37.404"
        },
        {
            "country": "China",
            "year": "1956",
            "birthsPerThousand": "36.624"
        },
        {
            "country": "China",
            "year": "1957",
            "birthsPerThousand": "36.306"
        },
        {
            "country": "China",
            "year": "1958",
            "birthsPerThousand": "36.404"
        },
        {
            "country": "China",
            "year": "1959",
            "birthsPerThousand": "36.844"
        },
        {
            "country": "China",
            "year": "1960",
            "birthsPerThousand": "37.529"
        },
        {
            "country": "China",
            "year": "1961",
            "birthsPerThousand": "38.345"
        },
        {
            "country": "China",
            "year": "1962",
            "birthsPerThousand": "39.163"
        },
        {
            "country": "China",
            "year": "1963",
            "birthsPerThousand": "39.852"
        },
        {
            "country": "China",
            "year": "1964",
            "birthsPerThousand": "40.307"
        },
        {
            "country": "China",
            "year": "1965",
            "birthsPerThousand": "40.432"
        },
        {
            "country": "China",
            "year": "1966",
            "birthsPerThousand": "40.172"
        },
        {
            "country": "China",
            "year": "1967",
            "birthsPerThousand": "39.564"
        },
        {
            "country": "China",
            "year": "1968",
            "birthsPerThousand": "38.652"
        },
        {
            "country": "China",
            "year": "1969",
            "birthsPerThousand": "37.458"
        },
        {
            "country": "China",
            "year": "1970",
            "birthsPerThousand": "35.99"
        },
        {
            "country": "China",
            "year": "1971",
            "birthsPerThousand": "34.261"
        },
        {
            "country": "China",
            "year": "1972",
            "birthsPerThousand": "32.34"
        },
        {
            "country": "China",
            "year": "1973",
            "birthsPerThousand": "30.322"
        },
        {
            "country": "China",
            "year": "1974",
            "birthsPerThousand": "28.303"
        },
        {
            "country": "China",
            "year": "1975",
            "birthsPerThousand": "26.396"
        },
        {
            "country": "China",
            "year": "1976",
            "birthsPerThousand": "24.705"
        },
        {
            "country": "China",
            "year": "1977",
            "birthsPerThousand": "23.29"
        },
        {
            "country": "China",
            "year": "1978",
            "birthsPerThousand": "22.191"
        },
        {
            "country": "China",
            "year": "1979",
            "birthsPerThousand": "21.443"
        },
        {
            "country": "China",
            "year": "1980",
            "birthsPerThousand": "21.095"
        },
        {
            "country": "China",
            "year": "1981",
            "birthsPerThousand": "21.172"
        },
        {
            "country": "China",
            "year": "1982",
            "birthsPerThousand": "21.595"
        },
        {
            "country": "China",
            "year": "1983",
            "birthsPerThousand": "22.244"
        },
        {
            "country": "China",
            "year": "1984",
            "birthsPerThousand": "23.005"
        },
        {
            "country": "China",
            "year": "1985",
            "birthsPerThousand": "23.7"
        },
        {
            "country": "China",
            "year": "1986",
            "birthsPerThousand": "24.144"
        },
        {
            "country": "China",
            "year": "1987",
            "birthsPerThousand": "24.228"
        },
        {
            "country": "China",
            "year": "1988",
            "birthsPerThousand": "23.894"
        },
        {
            "country": "China",
            "year": "1989",
            "birthsPerThousand": "23.132"
        },
        {
            "country": "China",
            "year": "1990",
            "birthsPerThousand": "21.99"
        },
        {
            "country": "China",
            "year": "1991",
            "birthsPerThousand": "20.578"
        },
        {
            "country": "China",
            "year": "1992",
            "birthsPerThousand": "19.073"
        },
        {
            "country": "China",
            "year": "1993",
            "birthsPerThousand": "17.63"
        },
        {
            "country": "China",
            "year": "1994",
            "birthsPerThousand": "16.337"
        },
        {
            "country": "China",
            "year": "1995",
            "birthsPerThousand": "15.258"
        },
        {
            "country": "China",
            "year": "1996",
            "birthsPerThousand": "14.417"
        },
        {
            "country": "China",
            "year": "1997",
            "birthsPerThousand": "13.765"
        },
        {
            "country": "China",
            "year": "1998",
            "birthsPerThousand": "13.261"
        },
        {
            "country": "China",
            "year": "1999",
            "birthsPerThousand": "12.894"
        },
        {
            "country": "China",
            "year": "2000",
            "birthsPerThousand": "12.649"
        },
        {
            "country": "China",
            "year": "2001",
            "birthsPerThousand": "12.507"
        },
        {
            "country": "China",
            "year": "2002",
            "birthsPerThousand": "12.442"
        },
        {
            "country": "China",
            "year": "2003",
            "birthsPerThousand": "12.425"
        },
        {
            "country": "China",
            "year": "2004",
            "birthsPerThousand": "12.435"
        },
        {
            "country": "China",
            "year": "2005",
            "birthsPerThousand": "12.458"
        },
        {
            "country": "China",
            "year": "2006",
            "birthsPerThousand": "12.491"
        },
        {
            "country": "China",
            "year": "2007",
            "birthsPerThousand": "12.537"
        },
        {
            "country": "China",
            "year": "2008",
            "birthsPerThousand": "12.59"
        },
        {
            "country": "China",
            "year": "2009",
            "birthsPerThousand": "12.64"
        },
        {
            "country": "China",
            "year": "2010",
            "birthsPerThousand": "12.669"
        },
        {
            "country": "China",
            "year": "2011",
            "birthsPerThousand": "12.663"
        },
        {
            "country": "China",
            "year": "2012",
            "birthsPerThousand": "12.617"
        },
        {
            "country": "China",
            "year": "2013",
            "birthsPerThousand": "12.525"
        },
        {
            "country": "China",
            "year": "2014",
            "birthsPerThousand": "12.388"
        },
        {
            "country": "China",
            "year": "2015",
            "birthsPerThousand": "12.206"
        }
    ]
]